Smoothing,Model,Development,Test
Interpolated,Bigram,380.82950619759356,382.0952162495826
Interpolated,Trigram,374.70247551078853,392.6261039313432
Interpolated,Quadgram,441.49169451223116,463.84706367994283
Good Turing,Unigram,1423.6235521949911,1356.5118190553815
Good Turing,Bigram,872.3070757695359,868.4081663993705
Good Turing,Trigram,49111.928552284095,57708.93317175846
Good Turing,Quadgram,360887.16716031014,434953.60763247136
Katz Backoff,Unigram,1695.1344918882633,1635.3462927525234
Katz Backoff,Bigram,5856.002724598178,6089.471005343304
Katz Backoff,Trigram,555.4346476181062,499.3559031356584
Katz Backoff,Quadgram,1050.3403864955762,1065.9222114346846
Stupid Backoff,Unigram,2182.6953539734486,2134.6719164326505
Stupid Backoff,Bigram,374.44292696623904,380.26197122438583
Stupid Backoff,Trigram,407.3351698306796,431.62021636208453
Stupid Backoff,Quadgram,766.2156380326211,819.9622689567385
Kneser-Ney,Unigram,2219.493938062264,2149.8459362912026
Kneser-Ney,Bigram,306.80361070831515,308.95260348366514
Kneser-Ney,Trigram,254.83390317643696,267.80506719750264
Kneser-Ney,Quadgram,266.54069194674304,281.4354333374029
